<?xml version="1.0" encoding="utf-8" ?>
<dwsync>
<file name="BoosterWordList.txt" server="clun.scit.wlv.ac.uk/public_html/sentistrength/" local="129489195540000000" remote="129780963380000000" />
<file name="EmoticonLookupTable.txt" server="clun.scit.wlv.ac.uk/public_html/sentistrength/" local="129413953380000000" remote="129780963380000000" />
<file name="EmotionLookupTable.txt" server="clun.scit.wlv.ac.uk/public_html/sentistrength/" local="129492508620000000" remote="129780963380000000" />
<file name="IdiomLookupTable.txt" server="clun.scit.wlv.ac.uk/public_html/sentistrength/" local="129489195780000000" remote="129780963380000000" />
<file name="NegatingWordList.txt" server="clun.scit.wlv.ac.uk/public_html/sentistrength/" local="129489195980000000" remote="129780963380000000" />
<file name="QuestionWords.txt" server="clun.scit.wlv.ac.uk/public_html/sentistrength/" local="129489195880000000" remote="129780963380000000" />
<file name="SlangLookupTable.txt" server="clun.scit.wlv.ac.uk/public_html/sentistrength/" local="129489195700000000" remote="129780963380000000" />
<file name="IronyTerms.txt" server="clun.scit.wlv.ac.uk/public_html/sentistrength/" local="129780802600000000" remote="129780963380000000" />
</dwsync>