<?xml version="1.0" encoding="utf-8" ?>
<dwsync>
<file name="BoosterWordList.txt" server="clun.scit.wlv.ac.uk/public_html/sentistrength/" local="129488365740000000" remote="129780963440000000" />
<file name="EmoticonLookupTable.txt" server="clun.scit.wlv.ac.uk/public_html/sentistrength/" local="129413953380000000" remote="129780963440000000" />
<file name="EmotionLookupTable.txt" server="clun.scit.wlv.ac.uk/public_html/sentistrength/" local="129489190680000000" remote="129780963440000000" />
<file name="IdiomLookupTable.txt" server="clun.scit.wlv.ac.uk/public_html/sentistrength/" local="129488328280000000" remote="129780963440000000" />
<file name="NegatingWordList.txt" server="clun.scit.wlv.ac.uk/public_html/sentistrength/" local="129488369180000000" remote="129780963440000000" />
<file name="QuestionWords.txt" server="clun.scit.wlv.ac.uk/public_html/sentistrength/" local="129488369580000000" remote="129780963440000000" />
<file name="SlangLookupTable.txt" server="clun.scit.wlv.ac.uk/public_html/sentistrength/" local="129488369800000000" remote="129780963440000000" />
<file name="EnglishWordList.txt" server="clun.scit.wlv.ac.uk/public_html/sentistrength/" local="129488938280743733" remote="129780963440000000" />
<file name="IronyTerms.txt" server="clun.scit.wlv.ac.uk/public_html/sentistrength/" local="129780802600000000" remote="129780963440000000" />
</dwsync>