<?xml version="1.0" encoding="utf-8" ?>
<dwsync>
<file name="BoosterWordList.txt" server="clun.scit.wlv.ac.uk/public_html/sentistrength/" local="129501191543372054" remote="129780963440000000" />
<file name="EmoticonLookupTable.txt" server="clun.scit.wlv.ac.uk/public_html/sentistrength/" local="129413953380000000" remote="129780963440000000" />
<file name="EmotionLookupTable.txt" server="clun.scit.wlv.ac.uk/public_html/sentistrength/" local="129501191644934554" remote="129780963440000000" />
<file name="IdiomLookupTable.txt" server="clun.scit.wlv.ac.uk/public_html/sentistrength/" local="129501191814153304" remote="129780963440000000" />
<file name="NegatingWordList.txt" server="clun.scit.wlv.ac.uk/public_html/sentistrength/" local="129501191879622054" remote="129780963440000000" />
<file name="QuestionWords.txt" server="clun.scit.wlv.ac.uk/public_html/sentistrength/" local="129501191953684554" remote="129780963440000000" />
<file name="SlangLookupTable.txt" server="clun.scit.wlv.ac.uk/public_html/sentistrength/" local="129501192047122054" remote="129780963440000000" />
<file name="EnglishWordList.txt" server="clun.scit.wlv.ac.uk/public_html/sentistrength/" local="129501191752747054" remote="129780963440000000" />
<file name="IronyTerms.txt" server="clun.scit.wlv.ac.uk/public_html/sentistrength/" local="129780802600000000" remote="129780963440000000" />
</dwsync>