<?xml version="1.0" encoding="utf-8" ?>
<dwsync>
<file name="BoosterWordList.txt" server="clun.scit.wlv.ac.uk/public_html/sentistrength/" local="129489197480000000" remote="129780963430000000" />
<file name="EmoticonLookupTable.txt" server="clun.scit.wlv.ac.uk/public_html/sentistrength/" local="129413953380000000" remote="129780963430000000" />
<file name="EmotionLookupTable.txt" server="clun.scit.wlv.ac.uk/public_html/sentistrength/" local="129492508140000000" remote="129780963430000000" />
<file name="IdiomLookupTable.txt" server="clun.scit.wlv.ac.uk/public_html/sentistrength/" local="129489197280000000" remote="129780963430000000" />
<file name="NegatingWordList.txt" server="clun.scit.wlv.ac.uk/public_html/sentistrength/" local="129489197640000000" remote="129780963430000000" />
<file name="QuestionWords.txt" server="clun.scit.wlv.ac.uk/public_html/sentistrength/" local="129489197560000000" remote="129780963430000000" />
<file name="SlangLookupTable.txt" server="clun.scit.wlv.ac.uk/public_html/sentistrength/" local="129489197700000000" remote="129780963430000000" />
<file name="EnglishWordList.txt" server="clun.scit.wlv.ac.uk/public_html/sentistrength/" local="129488938280743733" remote="129780963430000000" />
<file name="5 main persian files.zip" server="clun.scit.wlv.ac.uk/public_html/sentistrength/" local="129558022753799999" remote="129780963430000000" />
<file name="IronyTerms.txt" server="clun.scit.wlv.ac.uk/public_html/sentistrength/" local="129780802600000000" remote="129780963430000000" />
</dwsync>