<?xml version="1.0" encoding="utf-8" ?>
<dwsync>
<file name="BoosterWordList.txt" server="clun.scit.wlv.ac.uk/public_html/sentistrength/" local="129501186505403304" remote="129780963420000000" />
<file name="EmoticonLookupTable.txt" server="clun.scit.wlv.ac.uk/public_html/sentistrength/" local="129413953380000000" remote="129780963420000000" />
<file name="EmotionLookupTable.txt" server="clun.scit.wlv.ac.uk/public_html/sentistrength/" local="129501183852903304" remote="129780963420000000" />
<file name="IdiomLookupTable.txt" server="clun.scit.wlv.ac.uk/public_html/sentistrength/" local="129501186674309554" remote="129780963420000000" />
<file name="NegatingWordList.txt" server="clun.scit.wlv.ac.uk/public_html/sentistrength/" local="129501186769934554" remote="129780963420000000" />
<file name="QuestionWords.txt" server="clun.scit.wlv.ac.uk/public_html/sentistrength/" local="129501186846184554" remote="129780963420000000" />
<file name="SlangLookupTable.txt" server="clun.scit.wlv.ac.uk/public_html/sentistrength/" local="129501186916340804" remote="129780963420000000" />
<file name="EnglishWordList.txt" server="clun.scit.wlv.ac.uk/public_html/sentistrength/" local="129501186606809554" remote="129780963420000000" />
<file name="ascii EmotionLookupTable.txt" server="clun.scit.wlv.ac.uk/public_html/sentistrength/" local="129488346380000000" remote="129780963420000000" />
<file name="IronyTerms.txt" server="clun.scit.wlv.ac.uk/public_html/sentistrength/" local="129780802600000000" remote="129780963420000000" />
</dwsync>